{
  "data": [
      { "id": "1261150572", "start_date": "2019-11-08 10:00", "end_date": "2019-11-08 12:00", "text": "Paolo Nutini", "details": "Royal Albert Hall"},
      { "id": "1261150574", "start_date": "2019-11-17 08:00", "end_date": "2019-11-17 10:00", "text": "Dancing On Ice", "details": "O2 Arena"},
      { "id": "1261150577", "start_date": "2019-11-17 11:00", "end_date": "2019-11-30 13:00", "text": "Deadmau5", "details": "Brixton Academy"},
      { "id": "1261150578", "start_date": "2019-11-17 14:00", "end_date": "2019-11-06 16:00", "text": "Love Never Dies", "details": "Adelphi Theatre"},
      { "id": "1261150579", "start_date": "2019-11-17 15:00", "end_date": "2019-11-10 17:00", "text": "Lee Mack", "details": "Hammersmith Apollo"},
      { "id": "1261150580", "start_date": "2019-11-17 09:00", "end_date": "2019-11-14 11:00", "text": "Gotan Project", "details": "Brixton Academy"},
      { "id": "1261150581", "start_date": "2019-11-19 15:00", "end_date": "2019-11-21 15:00", "text": "Love Never Dies", "details": "Adelphi Theatre"},
      { "id": "1261150582", "start_date": "2019-11-24 07:00", "end_date": "2019-11-24 12:24", "text": "Love Never Dies", "details": "Adelphi Theatre"},
      { "id": "1261150583", "start_date": "2019-11-29 14:00", "end_date": "2019-11-29 16:00", "text": "Guiness Premiership Final 2010     Competition: Guinness Premiership Final", "details": "Twickenham Stadium"},
      { "id": "1261150584", "start_date": "2019-06-04 11:00", "end_date": "2019-06-04 13:00", "text": "Mark Knopfler", "details": "Royal Albert Hall"},
      { "id": "1261150585", "start_date": "2019-06-11 15:00", "end_date": "2019-06-11 17:00", "text": "Swan Lake", "details": "Royal Albert Hall"},
      { "id": "1261150586", "start_date": "2019-06-18 15:00", "end_date": "2019-06-20 15:00", "text": "Leona Lewis", "details": "O2 Arena"},
      { "id": "1261150587", "start_date": "2019-06-26 17:00", "end_date": "2019-06-26 19:00", "text": "Wimbledon: 3rd Round (Centre Court)", "details": "All England Lawn Tennis Club"},
      { "id": "1261150588", "start_date": "2019-07-05 09:00", "end_date": "2019-07-05 14:00", "text": "Placido Domingo", "details": "Royal Opera House"},
      { "id": "1261150589", "start_date": "2019-07-17 11:00", "end_date": "2019-07-17 13:00", "text": "Pakistan v Australia 1st Test (Day 5)", "details": "Lords Cricket Ground"},
      { "id": "1261150590", "start_date": "2019-08-22 07:00", "end_date": "2019-08-22 09:00", "text": "npower: England v Pakistan 3rd Test (Day 5)", "details": "Oval Cricket Ground"},
      { "id": "1261150591", "start_date": "2019-10-17 06:00", "end_date": "2019-10-25 06:00", "text": "Level 42", "details": "Indigo2"},
      { "id": "1261150592", "start_date": "2019-11-14 09:00", "end_date": "2019-11-25 07:00", "text": "Jason Manford", "details": "Hammersmith Apollo"}
    ]
}